{
  "zscore": {
    "threshold": 101.8845869497712,
    "precision": 0.994816734542762,
    "recall": 0.9974016332590943,
    "f1": 0.9961075069508804
  },
  "isolation_forest": {
    "threshold": 0.7401341602712181,
    "precision": 0.9329861111111111,
    "recall": 0.9974016332590943,
    "f1": 0.964119124506638
  }
}